Taxa,Group,RefInf,ID,BLUP,PEV,BLUE,Prediction
CDBN_001_1543,1,1,1,-3.54356398237387,16.1728962987097,1996.7658242682,1993.22226028583
CDBN_002_2242,2,1,2,0.045489860090985,16.3064969663083,1996.7658242682,1996.81131412829
CDBN_003_5229,3,1,3,-5.27267556574404,16.3385579775105,1996.7658242682,1991.49314870246
CDBN_004_5501,4,1,4,-4.31964565768734,16.7570386529328,1996.7658242682,1992.44617861051
CDBN_005_54028,5,1,5,-5.08646200149309,16.3454511095958,1996.7658242682,1991.67936226671
CDBN_006_55012,6,1,6,-4.0151956577745,17.0157716324979,1996.7658242682,1992.75062861043
CDBN_007_88728,7,1,7,0.530761544657024,16.8742796972519,1996.7658242682,1997.29658581286
CDBN_008_87_1116,8,1,8,-3.23861094871159,16.6754988888548,1996.7658242682,1993.52721331949
CDBN_009_88_409,9,1,9,-1.28033448345717,17.1991682074699,1996.7658242682,1995.48548978474
CDBN_010_93_207G,10,1,10,2.21200954719496,16.9547823471717,1996.7658242682,1998.97783381539
CDBN_011_93_208G,11,1,11,2.96263470342995,16.0534622503181,1996.7658242682,1999.72845897163
CDBN_012_93_219P,12,1,12,2.2727728739635,16.2402914014977,1996.7658242682,1999.03859714216
CDBN_013_94_1009P,13,1,13,2.69299223393533,17.2869750526269,1996.7658242682,1999.45881650213
CDBN_014_97_409P,14,1,14,2.71962518568285,15.4222282433212,1996.7658242682,1999.48544945388
CDBN_015_98_163G,15,1,15,2.42164601976026,16.348242591095,1996.7658242682,1999.18747028796
CDBN_016_98_209G,16,1,16,0.665806850756845,16.2910239768441,1996.7658242682,1997.43163111896
CDBN_017_CO_64342,17,1,17,0.418528712263058,15.7891670124705,1996.7658242682,1997.18435298046
CDBN_019_CPC_00153,18,1,18,6.2825414132042,13.80836793386,1996.7658242682,2003.0483656814
CDBN_020_CPC_00247,19,1,19,3.75880003672062,13.9290114925149,1996.7658242682,2000.52462430492
CDBN_021_CPC_00250,20,1,20,2.73003387436325,14.5510140846199,1996.7658242682,1999.49585814256
CDBN_022_Cran34,21,1,21,-2.44555771928581,15.3617160563637,1996.7658242682,1994.32026654891
CDBN_023_CU_M90,22,1,22,-1.78909428784226,15.9311647436492,1996.7658242682,1994.97672998036
CDBN_024_Elizabeth,23,1,23,1.27033383155553,15.639335835164,1996.7658242682,1998.03615809976
CDBN_025_Flamingo,24,1,24,-7.2146804079704,17.0351582080714,1996.7658242682,1989.55114386023
CDBN_026_Frigate,25,1,25,2.85033255591468,16.8036169089437,1996.7658242682,1999.61615682411
CDBN_027_H9659_41_3,26,1,26,3.92003579434598,13.8971407683852,1996.7658242682,2000.68586006255
CDBN_028_H9673_87,27,1,27,3.15668812873756,16.2491949076044,1996.7658242682,1999.92251239694
CDBN_030_IS_4905_B,28,1,28,-2.14054723619603,16.5918364115577,1996.7658242682,1994.625277032
CDBN_031_IS_4907_Ba,29,1,29,-1.8039847917008,14.1735378064901,1996.7658242682,1994.9618394765
CDBN_032_IS_4914_B,30,1,30,-0.842583574307175,16.2641480202921,1996.7658242682,1995.92324069389
CDBN_033_IS_4923_B,31,1,31,-1.39456556508613,15.499070473147,1996.7658242682,1995.37125870311
CDBN_034_IS_4924_B,32,1,32,-1.20454109647621,16.7609342369134,1996.7658242682,1995.56128317172
CDBN_035_ISB_1145,33,1,33,0.190879370606416,16.2528277694469,1996.7658242682,1996.95670363881
CDBN_036_ISB_1252,34,1,34,1.4666472245443,15.7551206054957,1996.7658242682,1998.23247149274
CDBN_037_ISB_1256,35,1,35,2.32605995527895,16.6349787853286,1996.7658242682,1999.09188422348
CDBN_038_ISB_1614,36,1,36,-2.0713642247582,16.2584851579922,1996.7658242682,1994.69446004344
CDBN_039_ISB_1814,37,1,37,-1.84382904106989,16.5240880191437,1996.7658242682,1994.92199522713
CDBN_040_ISB_2001,38,1,38,-3.01369439621714,16.1956431758686,1996.7658242682,1993.75212987198
CDBN_041_ISB_23,39,1,39,-2.11893645007883,14.8360774856891,1996.7658242682,1994.64688781812
CDBN_042_ISB_254_1,40,1,40,-1.41111451815526,16.4145849666977,1996.7658242682,1995.35470975004
CDBN_043_ISB_254_4,41,1,41,0.234333662151807,15.7337053069891,1996.7658242682,1997.00015793035
CDBN_044_ISB_2598,42,1,42,2.48416255373303,17.0393486239205,1996.7658242682,1999.24998682193
CDBN_045_ISB_486,43,1,43,-4.89445849971854,16.3701384199901,1996.7658242682,1991.87136576848
CDBN_046_ISB_5172,44,1,44,3.62949325434856,17.1303779383276,1996.7658242682,2000.39531752255
CDBN_047_ISB_565,45,1,45,-3.77789461680017,16.0521225419757,1996.7658242682,1992.9879296514
CDBN_048_ISB_5893,46,1,46,0.396848243589143,15.1294436247454,1996.7658242682,1997.16267251179
CDBN_049_UNS_117,47,1,47,-6.94981871043087,16.1695092983207,1996.7658242682,1989.81600555777
CDBN_050_Aurora,48,1,48,-11.6069104162815,15.9783487647788,1996.7658242682,1985.15891385192
CDBN_051_AC_Calmont,49,1,49,1.81733437119949,15.2555790211891,1996.7658242682,1998.5831586394
CDBN_052_Canario707,51,1,50,11.3363675119383,14.5149373291916,1996.7658242682,2008.10219178014
CDBN_053_UI320,52,1,51,2.32134704989221,15.595182707086,1996.7658242682,1999.08717131809
CDBN_054_23ST_27,53,1,52,15.2628470207382,16.2500458696725,1996.7658242682,2012.02867128894
CDBN_055_IP09_3,54,1,53,9.35780879819307,15.7351616459545,1996.7658242682,2006.12363306639
CDBN_056_Jet_Black,55,1,54,6.22445425480666,16.2818262063493,1996.7658242682,2002.99027852301
CDBN_057_Linden,56,1,55,-3.70024736010912,13.2198231760217,1996.7658242682,1993.06557690809
CDBN_058_Rio_Rojo,57,1,56,13.8803943695949,17.5315012246544,1996.7658242682,2010.64621863779
CDBN_059_SF103_8,58,1,57,13.9516942393361,17.0924614725612,1996.7658242682,2010.71751850754
CDBN_060_Talon,59,1,58,11.9110782877125,14.1601023107257,1996.7658242682,2008.67690255591
CDBN_061_Yeti,60,1,59,12.6366845250804,14.1727840942616,1996.7658242682,2009.40250879328
CDBN_062_Fathom,61,1,60,10.6612344097372,16.33680993859,1996.7658242682,2007.42705867794
CDBN_063_OAC_Inferno,62,1,61,10.798508332241,14.2900615175746,1996.7658242682,2007.56433260044
CDBN_064_Rexeter,63,1,62,9.72370732051566,15.6347145657172,1996.7658242682,2006.48953158872
CDBN_065_UI465,64,1,63,1.09720181778419,16.267699779155,1996.7658242682,1997.86302608598
CDBN_066_Bellagio,65,1,64,8.75994232634978,15.9712643528413,1996.7658242682,2005.52576659455
CDBN_067_ElDorado,66,1,65,14.7231122519529,17.055786355069,1996.7658242682,2011.48893652015
CDBN_068_Gypsy_Rose,67,1,66,15.4573626672128,17.2083380725281,1996.7658242682,2012.22318693541
CDBN_069_Powderhorn,68,1,67,14.4997276515006,16.6229826416901,1996.7658242682,2011.2655519197
CDBN_070_R12859,69,1,68,14.1115211496147,16.3793821683894,1996.7658242682,2010.87734541781
CDBN_071_Snowdon,70,1,69,10.852389104941,14.4240255030961,1996.7658242682,2007.61821337314
CDBN_072_ISB_672,71,1,70,-4.4992462976955,15.5055157384555,1996.7658242682,1992.2665779705
CDBN_073_ISB_721,72,1,71,-4.53775699411526,15.681389218204,1996.7658242682,1992.22806727408
CDBN_074_ISB_782,73,1,72,-4.86208289913215,16.4174468721163,1996.7658242682,1991.90374136907
CDBN_075_ISB_782_1,74,1,73,-2.65875665873829,17.3512190132378,1996.7658242682,1994.10706760946
CDBN_076_LB_4813_B,75,1,74,-2.40239985869351,15.3345030505806,1996.7658242682,1994.36342440951
CDBN_077_LB_4815_B,76,1,75,-1.13266819658505,17.5470925964837,1996.7658242682,1995.63315607161
CDBN_078_Mogul,77,1,76,7.15838669965288,15.3735271739273,1996.7658242682,2003.92421096785
CDBN_079_Nichols,78,1,77,2.48990968375335,14.7994680733964,1996.7658242682,1999.25573395195
CDBN_080_Panther,79,1,78,-4.56574896243187,16.3813938845185,1996.7658242682,1992.20007530577
CDBN_081_Sprint,80,1,79,-5.83833320622389,16.7199186024172,1996.7658242682,1990.92749106198
CDBN_082_UIP7_24P_1P,81,1,80,7.14457915511371,16.7482424855605,1996.7658242682,2003.91040342331
CDBN_083_USPT_11_9,82,1,81,13.6201197761872,15.4357421836333,1996.7658242682,2010.38594404439
CDBN_084_USPT_7_3,83,1,82,1.92417194380827,16.7696399669971,1996.7658242682,1998.68999621201
CDBN_085_USPT_9_18,84,1,83,11.4003034276623,16.1916060525833,1996.7658242682,2008.16612769586
CDBN_086_USWA_11,85,1,84,-1.76353648275539,16.3376692522859,1996.7658242682,1995.00228778544
CDBN_087_USWA_70,86,1,85,-0.0732550720041694,14.5473417540342,1996.7658242682,1996.6925691962
CDBN_088_USWA_75,87,1,86,-1.05746384439178,13.8954054281547,1996.7658242682,1995.70836042381
CDBN_089_Claret,88,1,87,3.77197184042924,16.9454624810059,1996.7658242682,2000.53779610863
CDBN_090_Redkloud,89,1,88,-8.07677773002423,15.3524897471144,1996.7658242682,1988.68904653818
CDBN_091_1062_V98,90,1,89,5.34947595812427,14.3887438485603,1996.7658242682,2002.11530022632
CDBN_092_1132_V96,91,1,90,5.61279897435323,15.4200424236135,1996.7658242682,2002.37862324255
CDBN_093_Isles,92,1,91,0.3304786117353,14.9664759416593,1996.7658242682,1997.09630287993
CDBN_094_UCD_9830,93,1,92,4.22406818310702,14.9487451512708,1996.7658242682,2000.98989245131
CDBN_095_Othello,94,1,93,-8.65122802845677,16.9142633960365,1996.7658242682,1988.11459623974
CDBN_096_Hungerford,95,1,94,5.12468017848785,16.9370008133408,1996.7658242682,2001.89050444669
CDBN_097_Gryphon,96,1,95,-3.61927451011687,14.963058339828,1996.7658242682,1993.14654975808
CDBN_098_OAC_Thunder,97,1,96,0.213889952480218,16.3113956446181,1996.7658242682,1996.97971422068
CDBN_099_4533,98,1,97,-9.94603526769508,15.9586534993643,1996.7658242682,1986.8197890005
CDBN_100_6123,99,1,98,-7.88687729008178,16.9459821348276,1996.7658242682,1988.87894697812
CDBN_101_79146,100,1,99,-8.08993932163682,15.1456671018916,1996.7658242682,1988.67588494656
CDBN_102_83B16,101,1,100,-8.68005637202687,16.4790758889263,1996.7658242682,1988.08576789617
CDBN_103_CO_12601,102,1,101,-10.0540836033785,17.2225920985601,1996.7658242682,1986.71174066482
CDBN_104_D76125,103,1,102,-9.77029458907517,16.0285710869094,1996.7658242682,1986.99552967912
CDBN_105_D77135B,104,1,103,-10.3437294331835,16.6622323906897,1996.7658242682,1986.42209483502
CDBN_106_D77196,105,1,104,-9.0838059744948,16.6386633238469,1996.7658242682,1987.6820182937
CDBN_107_D79054,106,1,105,-10.1394580306573,16.5666286832977,1996.7658242682,1986.62636623754
CDBN_108_GH760,107,1,106,-10.8173689641785,16.7574966134228,1996.7658242682,1985.94845530402
CDBN_109_ISB_1,108,1,107,-10.2086455785766,17.0981941106542,1996.7658242682,1986.55717868962
CDBN_110_ISB_459,109,1,108,-10.4428766860607,16.770650274587,1996.7658242682,1986.32294758214
CDBN_111_ISB_730,110,1,109,-10.7790005626356,17.096043089549,1996.7658242682,1985.98682370556
CDBN_112_MRK44,111,1,110,-7.8153273739746,14.2598925901351,1996.7658242682,1988.95049689422
CDBN_113_N81017,112,1,111,-8.55571576069052,16.9644970571844,1996.7658242682,1988.21010850751
CDBN_114_UI60,113,1,112,-12.8969980482611,17.2976714098175,1996.7658242682,1983.86882621994
CDBN_115_AC_Skipper,114,1,113,-1.91042741729616,16.5915298387358,1996.7658242682,1994.8553968509
CDBN_116_AC_Trident,115,1,114,2.54708890751564,16.8543489723304,1996.7658242682,1999.31291317572
CDBN_117_Agate,116,1,115,-11.0576657555776,16.1366934145073,1996.7658242682,1985.70815851262
CDBN_118_Amber,117,1,116,-12.7372472415256,15.9858791010409,1996.7658242682,1984.02857702667
CDBN_120_CO_33142,118,1,117,-6.15076923027933,16.3554600395382,1996.7658242682,1990.61505503792
CDBN_121_Comet,119,1,118,5.71401796631737,17.7702291255091,1996.7658242682,2002.47984223452
CDBN_122_Ebony,120,1,119,-11.1313375566246,16.4643098998907,1996.7658242682,1985.63448671157
CDBN_123_Fiero,121,1,120,-0.216531687258668,14.5463381856559,1996.7658242682,1996.54929258094
CDBN_124_Fleetside,122,1,121,-5.26196565959942,16.5744409277701,1996.7658242682,1991.5038586086
CDBN_125_H9659_21_1,123,1,122,2.31769243563609,14.0512753232943,1996.7658242682,1999.08351670384
CDBN_126_H9659_23_1,124,1,123,2.84524294356842,14.8585712002583,1996.7658242682,1999.61106721177
CDBN_127_H9659_37_2,125,1,124,4.36967789839802,13.6037123689959,1996.7658242682,2001.1355021666
CDBN_128_L94C356,126,1,125,-0.273266411032924,16.4754612088528,1996.7658242682,1996.49255785717
CDBN_129_L95F025,127,1,126,6.37891210947187,15.4499875904446,1996.7658242682,2003.14473637767
CDBN_130_Monument,128,1,127,-9.76891511082091,16.3662616935811,1996.7658242682,1986.99690915738
CDBN_131_Opal,129,1,128,-12.8438336957967,16.569479933099,1996.7658242682,1983.9219905724
CDBN_132_Pulsar,130,1,129,-10.3310147680643,16.4351304051903,1996.7658242682,1986.43480950014
CDBN_133_RS101,131,1,130,-5.81952300639002,15.8293652140293,1996.7658242682,1990.94630126181
CDBN_134_Shetland,132,1,131,-5.4324869661863,16.3956924152028,1996.7658242682,1991.33333730201
CDBN_135_Spinel,133,1,132,-10.2354719325135,16.7916569996061,1996.7658242682,1986.53035233569
CDBN_136_UI137,134,1,133,-7.97710259564715,16.7116131153741,1996.7658242682,1988.78872167255
CDBN_137_UI36,135,1,134,-12.0023033778608,15.8942269685359,1996.7658242682,1984.76352089034
CDBN_138_USBK_CBB_5,136,1,135,1.8314550716482,16.9661921632196,1996.7658242682,1998.59727933985
CDBN_139_USPK_7_4,137,1,136,8.21287062613188,16.9940468364684,1996.7658242682,2004.97869489433
CDBN_141_USPT_8_15,138,1,137,10.2969959576975,16.2039861661427,1996.7658242682,2007.0628202259
CDBN_142_USPT_8_6,139,1,138,11.3159851290481,16.6029181402929,1996.7658242682,2008.08180939725
CDBN_143_USPT_9_6,140,1,139,10.4393975149334,16.1796639494436,1996.7658242682,2007.20522178313
CDBN_144_USWA_20,141,1,140,-1.94477288182146,16.4612113777218,1996.7658242682,1994.82105138638
CDBN_145_C_20,142,1,141,-9.55349545176176,17.2791514372733,1996.7658242682,1987.21232881644
CDBN_146_Fleetwood,143,1,142,-11.4786930701827,15.4684519667831,1996.7658242682,1985.28713119802
CDBN_147_USWA_50,144,1,143,-2.57778024350867,15.3922176470497,1996.7658242682,1994.18804402469
CDBN_148_Valley,145,1,144,-12.6234411859571,15.3533679380084,1996.7658242682,1984.14238308224
CDBN_149_WYO166,146,1,145,-13.3318242734761,16.7218057138025,1996.7658242682,1983.43399999472
CDBN_150_WYO167,147,1,146,-11.5025838332731,14.8150897155453,1996.7658242682,1985.26324043493
CDBN_151_Zircon,148,1,147,-13.0876731692683,16.6252969306495,1996.7658242682,1983.67815109893
CDBN_152_Isabella,149,1,148,-8.518184529474,13.4691350349672,1996.7658242682,1988.24763973873
CDBN_153_Sacramento,150,1,149,-6.1849289125117,14.6079944341827,1996.7658242682,1990.58089535569
CDBN_154_AC_Elk,151,1,150,1.27082103924644,13.9353007909368,1996.7658242682,1998.03664530745
CDBN_155_Alpine,152,1,151,-1.18737232401022,16.5346369618052,1996.7658242682,1995.57845194419
CDBN_156_K42,153,1,152,-5.9837095700164,13.1389277695473,1996.7658242682,1990.78211469818
CDBN_157_Lisa,154,1,153,-6.64238514279609,14.0863421940501,1996.7658242682,1990.1234391254
CDBN_158_SilverCloud,155,1,154,3.28217532930581,12.8674312199315,1996.7658242682,2000.04799959751
CDBN_159_Beluga,156,1,155,1.09472255091339,14.0789007883541,1996.7658242682,1997.86054681911
CDBN_160_NY_105,157,1,156,11.522229659175,14.4900224314761,1996.7658242682,2008.28805392737
CDBN_161_Rosie,158,1,157,11.5518011914005,15.166325607539,1996.7658242682,2008.3176254596
CDBN_162_RoyalRed,159,1,158,-7.29467879570775,13.889159005634,1996.7658242682,1989.47114547249
CDBN_163_Capri,160,1,159,5.53593643317062,14.5490939206667,1996.7658242682,2002.30176070137
CDBN_164_Hooter,161,1,160,2.34375260661086,15.7831628665075,1996.7658242682,1999.10957687481
CDBN_165_Redhawk,162,1,161,0.736537036929439,14.438328094833,1996.7658242682,1997.50236130513
CDBN_166_RedKanner,163,1,162,-0.733471725593901,16.7525449612761,1996.7658242682,1996.03235254261
CDBN_167_UCD_0801,164,1,163,8.57935527236553,13.5134731395748,1996.7658242682,2005.34517954057
CDBN_168_Blush,165,1,164,6.03660406509888,13.9731792475884,1996.7658242682,2002.8024283333
CDBN_169_Hyden,166,1,165,-12.2614015122748,17.1271958486171,1996.7658242682,1984.50442275592
CDBN_170_Cardinal,167,1,166,-1.23536197698425,14.7427734633493,1996.7658242682,1995.53046229122
CDBN_171_CELRK,168,1,167,-0.234115442211642,13.315285946883,1996.7658242682,1996.53170882599
CDBN_172_Majesty,169,1,168,9.75702739214718,15.0665658155576,1996.7658242682,2006.52285166035
CDBN_173_ND060197,170,1,169,12.7596392382376,16.6210500979241,1996.7658242682,2009.52546350644
CDBN_174_ND307,171,1,170,11.4024147989506,17.1173977182502,1996.7658242682,2008.16823906715
CDBN_175_OAC_Seaforth,172,1,171,-4.55866600709288,14.8515506235121,1996.7658242682,1992.20715826111
CDBN_176_Sapphire,173,1,172,-13.5358624769843,16.3178998316402,1996.7658242682,1983.22996179122
CDBN_177_Topaz,174,1,173,-8.21275590315281,15.319674864428,1996.7658242682,1988.55306836505
CDBN_178_Seahawk,175,1,174,4.63327923762675,16.0266530087948,1996.7658242682,2001.39910350583
CDBN_179_Maverick,176,1,175,1.53736962059515,16.3941320737807,1996.7658242682,1998.30319388879
CDBN_180_Mayflower,177,1,176,-3.83243888205204,15.1323764171345,1996.7658242682,1992.93338538615
CDBN_181_CO_11113,178,1,177,5.71674075190604,15.9621053617892,1996.7658242682,2002.48256502011
CDBN_182_CO_1760,179,1,178,-6.74570143160043,16.2621619844805,1996.7658242682,1990.0201228366
CDBN_183_CO_27864,180,1,179,6.27790679609999,15.9725329704144,1996.7658242682,2003.0437310643
CDBN_184_CO_33875,181,1,180,9.38379839268741,16.8008273972585,1996.7658242682,2006.14962266089
CDBN_185_CO_91212_4,182,1,181,14.544066174309,17.0137404305645,1996.7658242682,2011.30989044251
CDBN_186_53026,183,1,182,-3.17482596241021,16.9166729059829,1996.7658242682,1993.59099830579
CDBN_187_55063,184,1,183,-4.22755288040892,16.2050022541506,1996.7658242682,1992.53827138779
CDBN_188_ISB_82_865,185,1,184,-5.1130387305726,14.8749786030879,1996.7658242682,1991.65278553763
CDBN_189_OAC_Lyrik,186,1,185,6.61268996318405,12.7809071157933,1996.7658242682,2003.37851423138
CDBN_191_Garnet,187,1,186,-12.4933587790187,17.0682634934154,1996.7658242682,1984.27246548918
CDBN_192_Rojo_Chiquito,188,1,187,-0.697532514635075,16.7281273536192,1996.7658242682,1996.06829175356
CDBN_193_Kodiak,189,1,188,5.51790578829156,15.7176569161864,1996.7658242682,2002.28373005649
CDBN_194_Laker,190,1,189,-11.7228885140145,17.2169625814764,1996.7658242682,1985.04293575419
CDBN_195_Lariat,191,1,190,8.63179381303187,17.3508875420492,1996.7658242682,2005.39761808123
CDBN_196_LeBaron,192,1,191,-1.18825698913455,16.3655497139999,1996.7658242682,1995.57756727907
CDBN_197_Lightning,193,1,192,9.26599742262342,16.5415773595967,1996.7658242682,2006.03182169082
CDBN_198_Merlot,194,1,193,5.68276261706623,17.5917211061584,1996.7658242682,2002.44858688527
CDBN_199_Montrose,195,1,194,4.09232871411479,16.8855945956268,1996.7658242682,2000.85815298231
CDBN_200_N05324,196,1,195,9.77582624341517,16.7604095216412,1996.7658242682,2006.54165051161
CDBN_201_Newport,197,1,196,-1.42656968034985,17.3154875665557,1996.7658242682,1995.33925458785
CDBN_202_Nodak,198,1,197,-12.3588339535043,16.7333358423812,1996.7658242682,1984.4069903147
CDBN_203_OAC_Laser,199,1,198,2.52993003568384,16.2849004633493,1996.7658242682,1999.29575430388
CDBN_204_OAC_Rex,200,1,199,5.25085983563637,16.3355121426237,1996.7658242682,2002.01668410384
CDBN_205_Pindak,201,1,200,-12.4348946893882,17.0971940985876,1996.7658242682,1984.33092957881
CDBN_206_Quincy,202,1,201,9.11703157801071,16.3739674350828,1996.7658242682,2005.88285584621
CDBN_207_Raven,203,1,202,-1.14822191004603,17.2948986758342,1996.7658242682,1995.61760235815
CDBN_208_Roza,204,1,203,3.06617412186203,17.4863540465091,1996.7658242682,1999.83199839006
CDBN_209_Sanilac,205,1,204,-11.857256355773,15.0585479652183,1996.7658242682,1984.90856791243
CDBN_210_Santa_Fe,206,1,205,10.6284182372181,17.5132091527389,1996.7658242682,2007.39424250542
CDBN_211_Sawtooth,207,1,206,5.54148734901599,16.8357303572581,1996.7658242682,2002.30731161722
CDBN_212_Seabiskit,208,1,207,6.35065478835984,17.0529789430014,1996.7658242682,2003.11647905656
CDBN_213_Sedona,209,1,208,7.96326848189484,17.602218663204,1996.7658242682,2004.72909275009
CDBN_214_Sequoia,210,1,209,6.05160782256634,15.8101050802912,1996.7658242682,2002.81743209077
CDBN_215_Shania,211,1,210,8.28834946092083,14.693551155762,1996.7658242682,2005.05417372912
CDBN_216_Shoshone,212,1,211,6.71929457004648,16.5303387709703,1996.7658242682,2003.48511883825
CDBN_217_Stampede,213,1,212,10.432875785997,16.7312104664523,1996.7658242682,2007.1987000542
CDBN_218_UCD_9634,214,1,213,10.5262948131309,16.2612836358438,1996.7658242682,2007.29211908133
CDBN_219_UI111,215,1,214,-12.2040670738426,14.6680580123103,1996.7658242682,1984.56175719436
CDBN_220_UI126,216,1,215,-13.1526387421667,15.7438701660381,1996.7658242682,1983.61318552603
CDBN_221_UI196,217,1,216,-11.3591272226351,16.1319984199396,1996.7658242682,1985.40669704556
CDBN_222_UI425,218,1,217,-13.0818478604183,17.5893322559501,1996.7658242682,1983.68397640778
CDBN_223_USPT_ANT_1,219,1,218,6.67577368706207,16.7576533639017,1996.7658242682,2003.44159795526
CDBN_224_USPT_CBB_1,220,1,219,4.13453295914325,17.1339977883928,1996.7658242682,2000.90035722734
CDBN_225_USRM_20,221,1,220,4.43915735960564,16.8964237362842,1996.7658242682,2001.20498162781
CDBN_226_USWA_12,222,1,221,-0.983639250264728,16.3744406835859,1996.7658242682,1995.78218501793
CDBN_227_Victor,223,1,222,-12.7177965739356,14.93286041465,1996.7658242682,1984.04802769426
CDBN_228_Zorro,224,1,223,8.8658774353156,17.4169058761734,1996.7658242682,2005.63170170352
CDBN_229_6R_42,225,1,224,-10.5764684899422,15.230683290582,1996.7658242682,1986.18935577826
CDBN_230_Ivory,226,1,225,-12.4932955916471,16.5239612608235,1996.7658242682,1984.27252867655
CDBN_231_JM126,227,1,226,-10.2127067062645,16.5571012396506,1996.7658242682,1986.55311756194
CDBN_232_OAC_Gryphon,228,1,227,2.73191262061679,14.1312395158978,1996.7658242682,1999.49773688882
CDBN_233_Star,229,1,228,-12.6387287162125,15.6601878551335,1996.7658242682,1984.12709555199
CDBN_234_UC_BTS_96114,230,1,229,5.90509607071456,17.0607146937153,1996.7658242682,2002.67092033891
CDBN_235_UCD_9623,231,1,230,12.2514894823132,16.9314751749262,1996.7658242682,2009.01731375051
CDBN_236_Rosetta,232,1,231,13.3411501941201,16.4681459169809,1996.7658242682,2010.10697446232
CDBN_237_Longs_Peak,233,1,232,12.0257056611997,17.1319885226816,1996.7658242682,2008.7915299294
CDBN_238_Midnight,234,1,233,-9.12567213848733,16.5602877052177,1996.7658242682,1987.64015212971
CDBN_239_Arthur,235,1,234,1.60884697182022,15.9795429226814,1996.7658242682,1998.37467124002
CDBN_240_Norstar,236,1,235,-5.93009963450844,16.6405240386262,1996.7658242682,1990.83572463369
CDBN_241_AC_Ole,237,1,236,0.205216169563379,16.3892856125383,1996.7658242682,1996.97104043776
CDBN_242_AC_Pintoba,238,1,237,1.10152084693412,17.1842907675415,1996.7658242682,1997.86734511513
CDBN_243_Apache,239,1,238,10.1540004843506,17.2819299725803,1996.7658242682,2006.91982475255
CDBN_244_Bandit,240,1,239,8.10910584233067,16.5219789440487,1996.7658242682,2004.87493011053
CDBN_245_Bighorn,241,1,240,4.38779313932809,15.708459787495,1996.7658242682,2001.15361740753
CDBN_246_Blackhawk,242,1,241,-4.69778163411316,16.9738963969612,1996.7658242682,1992.06804263409
CDBN_247_CDC_Crocus,243,1,242,0.652506692336933,16.1611090544387,1996.7658242682,1997.41833096054
CDBN_248_CDC_Expression,244,1,243,0.173810693031282,17.7168736488797,1996.7658242682,1996.93963496123
CDBN_249_CDC_Pinnacle,245,1,244,2.77139797501172,14.9471457991887,1996.7658242682,1999.53722224321
CDBN_250_CDC_Pintium,246,1,245,0.61031441918168,15.1876571049582,1996.7658242682,1997.37613868738
CDBN_251_CDC_Rosalee,247,1,246,0.877336910022301,16.54924478373,1996.7658242682,1997.64316117822
CDBN_252_Condor,248,1,247,4.80406408831156,16.2011933014441,1996.7658242682,2001.56988835651
CDBN_253_Coyne,249,1,248,10.7291053128012,17.0252376804563,1996.7658242682,2007.494929581
CDBN_254_Croissant,250,1,249,9.31068017053554,15.5665939692003,1996.7658242682,2006.07650443874
CDBN_255_Eclipse,251,1,250,7.20921362747957,15.6122993567848,1996.7658242682,2003.97503789568
CDBN_256_Emerson,252,1,251,-11.3545694752203,16.3214109180512,1996.7658242682,1985.41125479298
CDBN_257_Envoy,253,1,252,-3.99274624742127,16.3010219795009,1996.7658242682,1992.77307802078
CDBN_258_Fiesta,254,1,253,-12.5707305645444,14.749113988488,1996.7658242682,1984.19509370366
CDBN_259_Frontier,255,1,254,1.57817618354112,16.5016965706536,1996.7658242682,1998.34400045174
CDBN_260_Gala,256,1,255,-12.9904670298862,16.1841722960378,1996.7658242682,1983.77535723831
CDBN_261_GN9_1,257,1,256,11.2249385851547,17.5277428135894,1996.7658242682,2007.99076285335
CDBN_262_GN9_4,258,1,257,12.0806243137306,16.0217823546028,1996.7658242682,2008.84644858193
CDBN_263_Grand_Mesa,259,1,258,1.93819458317201,16.5889567993161,1996.7658242682,1998.70401885137
CDBN_264_Harold,260,1,259,-13.0693188001548,15.800459091894,1996.7658242682,1983.69650546804
CDBN_265_Hatton,261,1,260,-4.01364667383151,16.0364019257912,1996.7658242682,1992.75217759437
CDBN_266_Holberg,262,1,261,-12.7992476274564,15.6323319039854,1996.7658242682,1983.96657664074
CDBN_267_Huron,263,1,262,-2.12408423930496,16.9681179127727,1996.7658242682,1994.64174002889
CDBN_268_ICB_10,264,1,263,4.74820955079544,17.0917185177925,1996.7658242682,2001.514033819
CDBN_269_IP08_2,265,1,264,9.6518831120443,15.901944768846,1996.7658242682,2006.41770738024
CDBN_270_Jackpot,266,1,265,7.43629383905988,15.0653007261964,1996.7658242682,2004.20211810726
CDBN_271_Jaguar,267,1,266,3.51575971393539,16.1057684485011,1996.7658242682,2000.28158398214
CDBN_272_Kimberly,268,1,267,8.62786996226301,16.5196772008257,1996.7658242682,2005.39369423046
CDBN_273_Vista,269,1,268,-1.79849595541359,15.3877059056217,1996.7658242682,1994.96732831279
CDBN_274_Viva,270,1,269,-13.1004301923248,15.2825944695524,1996.7658242682,1983.66539407587
CDBN_275_Burke,271,1,270,0.503780398274176,16.5070285537256,1996.7658242682,1997.26960466647
CDBN_276_JM24,272,1,271,-10.3286338675364,16.4265370374256,1996.7658242682,1986.43719040066
CDBN_277_AC_Mast,273,1,272,2.1179407781994,16.3513495682898,1996.7658242682,1998.8837650464
CDBN_278_Chinook2000,274,1,273,0.768213283706897,14.187638014351,1996.7658242682,1997.53403755191
CDBN_279_Cran09,275,1,274,-3.25790324334412,15.0154911157186,1996.7658242682,1993.50792102486
CDBN_280_K407,276,1,275,-8.14092367889012,14.1383691092921,1996.7658242682,1988.62490058931
CDBN_281_K59,277,1,276,-6.90487182532938,13.9375519074085,1996.7658242682,1989.86095244287
CDBN_282_Kamiakin,278,1,277,-7.87642535429769,14.4958041443369,1996.7658242682,1988.8893989139
CDBN_283_Kardinal,279,1,278,-7.18796772087684,13.6508421816193,1996.7658242682,1989.57785654732
CDBN_284_Lassen,280,1,279,-6.98172674041208,14.8773460267613,1996.7658242682,1989.78409752779
CDBN_285_Montcalm,281,1,280,-5.09281722902907,14.7497478004604,1996.7658242682,1991.67300703917
CDBN_286_CDRK82,282,1,281,-5.08969409885953,13.4493622703721,1996.7658242682,1991.67613016934
CDBN_287_Centralia,283,1,282,-5.17515381403078,15.9885910228592,1996.7658242682,1991.59067045417
CDBN_288_Cygnus,284,1,283,-4.10403463509696,16.6516435498186,1996.7658242682,1992.6617896331
CDBN_289_Harowood,285,1,284,-4.58923982910502,16.0926419435891,1996.7658242682,1992.17658443909
CDBN_290_UI259,286,1,285,-1.7837345530379,15.8386013422333,1996.7658242682,1994.98208971516
CDBN_291_UI722,287,1,286,-3.72619763343089,15.5299331726931,1996.7658242682,1993.03962663477
CDBN_292_White_Kidney,288,1,287,-6.44490141388066,13.1264666120107,1996.7658242682,1990.32092285432
CDBN_293_AC_Compass,289,1,288,-0.890232910232022,16.9864893295133,1996.7658242682,1995.87559135797
CDBN_294_Arapaho,290,1,289,-8.96601120753456,16.5490262382451,1996.7658242682,1987.79981306066
CDBN_295_Avalanche,291,1,290,7.60392734364484,16.9127804838229,1996.7658242682,2004.36975161184
CDBN_296_Aztec,292,1,291,-2.89827721294194,16.4010240866717,1996.7658242682,1993.86754705526
CDBN_297_Beryl,293,1,292,-6.27163674742253,16.8090031504727,1996.7658242682,1990.49418752078
CDBN_298_BillZ,294,1,293,-8.44518220075465,16.9199880905008,1996.7658242682,1988.32064206744
CDBN_299_Buster,295,1,294,3.4956326111157,17.2546603147945,1996.7658242682,2000.26145687932
CDBN_300_Chase,296,1,295,-3.39959703031153,17.1763813677917,1996.7658242682,1993.36622723789
CDBN_301_Crestwood,297,1,296,-2.85404617576238,16.4778142139827,1996.7658242682,1993.91177809244
CDBN_302_Desert_Rose,298,1,297,6.13762195896573,16.720199555536,1996.7658242682,2002.90344622717
CDBN_303_Mackinac,299,1,298,0.906621726815064,17.1918471162924,1996.7658242682,1997.67244599501
CDBN_304_Matterhorn,300,1,299,2.47798643486881,17.2245119445532,1996.7658242682,1999.24381070307
CDBN_305_Max,301,1,300,6.1050759429325,15.7417135795675,1996.7658242682,2002.87090021113
CDBN_306_Olathe,302,1,301,-12.0265332444808,17.076855788648,1996.7658242682,1984.73929102372
CDBN_307_Shiny_Crow,303,1,302,-1.15852621585485,16.3622247604312,1996.7658242682,1995.60729805234
CDBN_308_Sierra,304,1,303,-4.72902328942427,17.3526471506593,1996.7658242682,1992.03680097878
CDBN_309_Starlight,305,1,304,-6.7340796611284,16.6690655515957,1996.7658242682,1990.03174460707
CDBN_310_T_39,306,1,305,4.10529979420826,16.6482860661902,1996.7658242682,2000.87112406241
CDBN_311_UI114,307,1,306,-13.4793533417015,17.3494462804095,1996.7658242682,1983.2864709265
CDBN_312_UI239,308,1,307,-4.56432164617972,17.0626168508976,1996.7658242682,1992.20150262202
CDBN_313_UI537,309,1,308,-7.13917620101012,16.7362996183604,1996.7658242682,1989.62664806719
CDBN_314_UI59,310,1,309,-13.0849702039631,15.9731672858778,1996.7658242682,1983.68085406424
CDBN_315_UI906,311,1,310,-6.27412490560427,17.1086683749948,1996.7658242682,1990.4916993626
CDBN_316_UI911,312,1,311,-2.2093988001631,16.7581503469176,1996.7658242682,1994.55642546804
CDBN_317_US1140,313,1,312,-12.3045549078644,16.0221272254539,1996.7658242682,1984.46126936034
CDBN_318_Weihing,314,1,313,1.21743220180177,16.6969547995124,1996.7658242682,1997.98325647
CDBN_319_Yolano,315,1,314,-7.68825210443139,17.3126675541428,1996.7658242682,1989.07757216377
CDBN_320_115M,316,1,315,5.91725403375076,17.5498131838608,1996.7658242682,2002.68307830195
CDBN_321_Black_Jack,317,1,316,-2.09290717957738,16.9707527885782,1996.7658242682,1994.67291708862
CDBN_322_Harblack,318,1,317,-4.24876886827612,17.1499186640027,1996.7658242682,1992.51705539992
CDBN_323_Harris,319,1,318,-13.197154132539,15.8649821092273,1996.7658242682,1983.56867013566
CDBN_324_NW63,320,1,319,-7.30373299996108,16.431130353888,1996.7658242682,1989.46209126824
CDBN_339_Dynasty,334,1,320,14.2442328358936,14.6973823606361,1996.7658242682,2011.01005710409
CDBN_345_COSD_35,340,1,321,11.5320742594582,15.5834192500075,1996.7658242682,2008.29789852766
CDBN_349_Zenith,344,1,322,13.0492862052688,16.0754757086337,1996.7658242682,2009.81511047347
CDBN_351_Alpena,346,1,323,12.8002549723555,16.1310382204508,1996.7658242682,2009.56607924056
CDBN_353_USPT_7_8,348,1,324,9.4578069854723,15.5858477961902,1996.7658242682,2006.22363125367
CDBN_052_Canario,50,2,1,3.56690383704476,-101.442354602492,1996.7658242682,2000.33272810524
CDBN_326_USPT_10_12_1,321,2,2,5.74622774217502,-254.466721008142,1996.7658242682,2002.51205201037
CDBN_327_Black_Foot,322,2,3,6.23071184833224,-267.269492319067,1996.7658242682,2002.99653611653
CDBN_328_Nez_Perce,323,2,4,5.24755981999034,-297.402157815679,1996.7658242682,2002.01338408819
CDBN_329_Twin_Falls,324,2,5,10.6941640867777,-313.719901660185,1996.7658242682,2007.45998835498
CDBN_330_DR_Wood,325,2,6,7.17563068236159,-241.229110715789,1996.7658242682,2003.94145495056
CDBN_331_Staybright,326,2,7,12.7941397711164,-241.012855193876,1996.7658242682,2009.55996403932
CDBN_332_Sundance,327,2,8,11.4625107729838,-250.614737605133,1996.7658242682,2008.22833504118
CDBN_333_Palomino,328,2,9,9.93145632072462,-133.151895261046,1996.7658242682,2006.69728058892
CDBN_334_NE2_16_33,329,2,10,3.813749277176,-251.550438482475,1996.7658242682,2000.57957354538
CDBN_335_SR10_2_1,330,2,11,3.96468528406452,-249.519815222187,1996.7658242682,2000.73050955226
CDBN_336_ACUG_13_SR1,331,2,12,1.66317276262662,-206.110765308483,1996.7658242682,1998.42899703083
CDBN_337_ACUG_15_B4,332,2,13,3.10662914507973,-205.087317136445,1996.7658242682,1999.87245341328
CDBN_338_ACUG_14_1,333,2,14,3.98543171848612,-235.563832867887,1996.7658242682,2000.75125598669
CDBN_340_DRK_1,335,2,15,6.22294258519139,-182.671315467398,1996.7658242682,2002.98876685339
CDBN_341_Cornell_612,336,2,16,8.34888781349605,-186.907760672941,1996.7658242682,2005.1147120817
CDBN_342_USPT_9_5_6,337,2,17,10.5695420907411,-225.329131170844,1996.7658242682,2007.33536635894
CDBN_343_USPT_11_13,338,2,18,7.00878724223179,-244.928494448705,1996.7658242682,2003.77461151043
CDBN_344_La_Paz,339,2,19,4.0858403176155,-238.383195784085,1996.7658242682,2000.85166458582
CDBN_346_NE12_15_161,341,2,20,9.5552852216193,-221.129859914298,1996.7658242682,2006.32110948982
CDBN_347_XRAV_40_4,342,2,21,6.20627791127512,-150.4383597935,1996.7658242682,2002.97210217947
CDBN_348_BK_11_8,343,2,22,5.16035487927301,-132.696637268111,1996.7658242682,2001.92617914747
CDBN_350_Lighthouse,345,2,23,2.33130051596236,-210.882263450486,1996.7658242682,1999.09712478416
CDBN_352_Samurai,347,2,24,5.25487125023504,-154.804660281609,1996.7658242682,2002.02069551843
