Taxa,Group,RefInf,ID,BLUP,PEV,BLUE,Prediction,Pred_Heritable
CDBN_001_1543,1,1,1,0.0517905887078196,0.0151125354650568,-0.36110850869619,-0.30931791998837,-0.30931791998837
CDBN_002_2242,2,1,2,-0.46698017896032,0.103863415542782,-0.526529901656346,-0.993510080616666,-0.993510080616666
CDBN_003_5229,3,1,3,0.449962778214131,0.0187646439352584,0.472405120451937,0.922367898666068,0.922367898666068
CDBN_004_5501,4,1,4,0.129583732979478,0.00879514933028356,0.346353190100474,0.475936923079952,0.475936923079952
CDBN_005_54028,5,1,5,0.0330152586453979,0.0393964418877246,0.726879935444093,0.759895194089491,0.759895194089491
CDBN_006_55012,6,1,6,-0.122705467671737,0.0212174013899622,0.119288256419499,-0.00341721125223815,-0.00341721125223815
CDBN_007_88728,7,1,7,0.572538094975243,0.0942960683228038,-0.538976526801557,0.0335615681736856,0.0335615681736856
CDBN_008_87_1116,8,1,8,0.353390222726031,0.0363822922739116,0.698159704653899,1.05154992737993,1.05154992737993
CDBN_009_88_409,9,1,9,0.832682657818998,0.00654891025645728,-0.0815990241104494,0.751083633708549,0.751083633708549
CDBN_010_93_207G,10,1,10,0.479257678743341,0.00612589452293519,0.131793778993655,0.611051457736995,0.611051457736995
CDBN_011_93_208G,11,1,11,0.558481718667382,0.00801319223085947,0.122206120599953,0.680687839267335,0.680687839267335
CDBN_012_93_219P,12,1,12,0.542799369643336,0.00137785464809217,0.0699885218991205,0.612787891542457,0.612787891542457
CDBN_013_94_1009P,13,1,13,0.352585055253059,0.0142483003346796,0.450692060733887,0.803277115986946,0.803277115986946
CDBN_014_97_409P,14,1,14,-0.169129238352504,0.0440010938515048,0.789893613419953,0.62076437506745,0.62076437506745
CDBN_015_98_163G,15,1,15,0.371708895785472,0.00524831514464565,0.0836998099218661,0.455408705707338,0.455408705707338
CDBN_016_98_209G,16,1,16,0.588517198884073,0.0229427047701634,0.541412856056307,1.12993005494038,1.12993005494038
CDBN_017_CO_64342,17,1,17,0.500925010839285,0.0316513156081904,0.625196232667514,1.1261212435068,1.1261212435068
CDBN_019_CPC_00153,18,1,18,0.352122784220396,0.191470209995954,-0.738759435765795,-0.386636651545399,-0.386636651545399
CDBN_020_CPC_00247,19,1,19,-0.195803574659551,0.163977493994648,-0.695343884954579,-0.891147459614131,-0.891147459614131
CDBN_021_CPC_00250,20,1,20,0.131304172051094,0.148906409093851,-0.680007866567342,-0.548703694516248,-0.548703694516248
CDBN_022_Cran34,21,1,21,0.157143539665813,0.139973478785932,-0.664821389898664,-0.507677850232851,-0.507677850232851
CDBN_023_CU_M90,22,1,22,-0.245009495463289,0.0355310477566605,-0.358722220149404,-0.603731715612693,-0.603731715612693
CDBN_024_Elizabeth,23,1,23,0.110062408440479,0.047335268402257,0.820519179067183,0.930581587507662,0.930581587507662
CDBN_025_Flamingo,24,1,24,0.280254332659543,0.0145928417678605,0.447400146976398,0.727654479635941,0.727654479635941
CDBN_026_Frigate,25,1,25,0.0718128955369447,0.0170891640592011,-0.379566442220319,-0.307753546683374,-0.307753546683374
CDBN_027_H9659_41_3,26,1,26,0.346283749868492,0.176810442766852,-0.710128634549142,-0.363844884680651,-0.363844884680651
CDBN_028_H9673_87,27,1,27,-0.347960241206385,0.0400039956380591,-0.227035242636676,-0.574995483843061,-0.574995483843061
CDBN_030_IS_4905_B,28,1,28,0.671013104888804,0.0136958092459956,-0.0783923555311871,0.592620749357617,0.592620749357617
CDBN_031_IS_4907_Ba,29,1,29,0.118957163216104,0.168786900382008,-0.707089568964802,-0.588132405748697,-0.588132405748697
CDBN_032_IS_4914_B,30,1,30,0.274616890749848,0.0185590959164062,0.335233365824902,0.60985025657475,0.60985025657475
CDBN_033_IS_4923_B,31,1,31,0.6801248304324,0.0425436826064385,-0.273942298271034,0.406182532161366,0.406182532161366
CDBN_034_IS_4924_B,32,1,32,0.186230886828813,0.0257698752123013,-0.374180210290136,-0.187949323461323,-0.187949323461323
CDBN_035_ISB_1145,33,1,33,0.648883841960718,0.0193095369223718,0.463311453400219,1.11219529536094,1.11219529536094
CDBN_036_ISB_1252,34,1,34,-0.202281945245774,0.0215986360177602,-0.396741012161351,-0.599022957407125,-0.599022957407125
CDBN_037_ISB_1256,35,1,35,-0.329251395943118,0.0404096410805597,-0.400944688874482,-0.730196084817599,-0.730196084817599
CDBN_038_ISB_1614,36,1,36,-0.310944988078342,0.0181685201399773,-0.397896428571157,-0.708841416649499,-0.708841416649499
CDBN_039_ISB_1814,37,1,37,-0.312006005663513,0.0223043790065815,-0.424212214185148,-0.736218219848661,-0.736218219848661
CDBN_040_ISB_2001,38,1,38,-0.110363200131699,0.0423710405766855,0.766259368883977,0.655896168752277,0.655896168752277
CDBN_041_ISB_23,39,1,39,0.0231357004714756,0.16576512137613,-0.690078400574501,-0.666942700103026,-0.666942700103026
CDBN_042_ISB_254_1,40,1,40,0.336676974524942,0.0123670058908963,-0.359947864026558,-0.0232708895016163,-0.0232708895016163
CDBN_043_ISB_254_4,41,1,41,0.0987122092569359,0.0406303241693981,-0.330911849079887,-0.232199639822951,-0.232199639822951
CDBN_044_ISB_2598,42,1,42,-0.142330130347064,0.0159103233991347,-0.330336241232345,-0.472666371579409,-0.472666371579409
CDBN_045_ISB_486,43,1,43,-0.224937790408061,0.0271366316078704,-0.414800586338546,-0.639738376746607,-0.639738376746607
CDBN_046_ISB_5172,44,1,44,0.0209735009485942,0.00799435452657026,0.0464904933753675,0.0674639943239617,0.0674639943239617
CDBN_047_ISB_565,45,1,45,-0.33349065092321,0.0374961679012784,-0.329985259854097,-0.663475910777307,-0.663475910777307
CDBN_048_ISB_5893,46,1,46,0.872857540673244,0.0441754754921206,0.67636163101289,1.54921917168613,1.54921917168613
CDBN_049_UNS_117,47,1,47,0.761018540145016,0.0318767629827372,0.647842865160145,1.40886140530516,1.40886140530516
CDBN_050_Aurora,48,1,48,0.495793461124508,0.0453309753142888,-0.273618927989242,0.222174533135266,0.222174533135266
CDBN_051_AC_Calmont,49,1,49,-0.224018652002067,0.131108251569797,-0.641963028291476,-0.865981680293542,-0.865981680293542
CDBN_052_Canario,50,2,1,0.148978620780643,-0.0796432051503004,-0.537100446782991,-0.388121826002348,-0.388121826002348
CDBN_052_Canario707,51,1,50,0.540425671765733,0.186971163427068,-0.755355383564128,-0.214929711798395,-0.214929711798395
CDBN_053_UI320,52,1,51,0.147601228368344,0.0243979456942945,0.406845028596489,0.554446256964833,0.554446256964833
CDBN_054_23ST_27,53,1,52,-0.209311338949102,0.0304046340079457,0.613434893547554,0.404123554598452,0.404123554598452
CDBN_055_IP09_3,54,1,53,-0.16198935305559,0.049066893715876,0.735740007664142,0.573750654608552,0.573750654608552
CDBN_056_Jet_Black,55,1,54,-0.0999717780687064,0.0482274739208245,-0.332030578558829,-0.432002356627536,-0.432002356627536
CDBN_057_Linden,56,2,2,-0.199905050075463,0.0920115079970851,-0.687858912526822,-0.887763962602285,-0.887763962602285
CDBN_058_Rio_Rojo,57,1,55,-0.791075339626364,0.00718759245766358,0.262821560643966,-0.528253778982398,-0.528253778982398
CDBN_059_SF103_8,58,1,56,0.0718095771292721,0.0120442768647443,0.359449566736381,0.431259143865653,0.431259143865653
CDBN_060_Talon,59,1,57,0.178868135668338,0.160633271581294,-0.687883761728475,-0.509015626060137,-0.509015626060137
CDBN_061_Yeti,60,1,58,0.175938626225837,0.163851987168384,-0.781410185014342,-0.605471558788504,-0.605471558788504
CDBN_062_Fathom,61,1,59,0.192653023627957,0.0219262514928599,-0.369390033751312,-0.176737010123355,-0.176737010123355
CDBN_063_OAC_Inferno,62,1,60,0.565366892698341,0.157171467105659,-0.635019864146435,-0.0696529714480933,-0.0696529714480933
CDBN_064_Rexeter,63,1,61,0.454742937381775,0.063444329584735,-0.542211588532256,-0.087468651150481,-0.087468651150481
CDBN_065_UI465,64,1,62,0.769103556268399,0.0114216392911601,0.181236638043074,0.950340194311473,0.950340194311473
CDBN_066_Bellagio,65,1,63,0.592470162946843,0.124508300057896,-0.602540857909193,-0.01007069496235,-0.01007069496235
CDBN_067_ElDorado,66,1,64,-0.0178737039049666,0.00357514948719715,0.197708639220617,0.17983493531565,0.17983493531565
CDBN_068_Gypsy_Rose,67,1,65,0.148055722478118,0.0174159503820245,0.388922638087523,0.536978360565641,0.536978360565641
CDBN_069_Powderhorn,68,1,66,-0.969684630842543,0.0148523387622448,0.392669114220898,-0.577015516621645,-0.577015516621645
CDBN_070_R12859,69,1,67,-0.930519543350466,0.0300123104551446,0.564981747989782,-0.365537795360684,-0.365537795360684
CDBN_071_Snowdon,70,1,68,-0.313270804115695,0.180734142134018,-0.71975668467046,-1.03302748878615,-1.03302748878615
CDBN_072_ISB_672,71,1,69,-0.333425451196042,0.0250460914326478,-0.406579494148382,-0.740004945344424,-0.740004945344424
CDBN_073_ISB_721,72,1,70,-0.14157699189065,0.0191971872168546,-0.389901761415666,-0.531478753306316,-0.531478753306316
CDBN_074_ISB_782,73,1,71,-0.097474281966264,0.0156043786352244,-0.378226026476443,-0.475700308442706,-0.475700308442706
CDBN_075_ISB_782_1,74,1,72,-0.211061252008933,0.0116861421313556,-0.39710793188935,-0.608169183898284,-0.608169183898284
CDBN_076_LB_4813_B,75,1,73,0.710782534264337,0.0236972671592351,-0.0771363634495551,0.633646170814782,0.633646170814782
CDBN_077_LB_4815_B,76,1,74,-0.189132897786718,0.00717540509100318,-0.0100636369038083,-0.199196534690526,-0.199196534690526
CDBN_078_Mogul,77,1,75,-0.169103585974967,0.121218089415156,-0.583027975629687,-0.752131561604654,-0.752131561604654
CDBN_079_Nichols,78,1,76,-0.305229656473571,0.138891879936813,-0.64934675108957,-0.954576407563142,-0.954576407563142
CDBN_080_Panther,79,1,77,-0.090226756103653,0.0424683800580897,-0.365788410588877,-0.45601516669253,-0.45601516669253
CDBN_081_Sprint,80,1,78,0.0126930279272648,0.016693103847362,-0.337149491147569,-0.324456463220304,-0.324456463220304
CDBN_082_UIP7_24P_1P,81,1,79,0.198363506106242,0.00738806923351669,0.312385764283548,0.51074927038979,0.51074927038979
CDBN_083_USPT_11_9,82,1,80,-0.580570139118005,0.0354621070976953,0.652006631003286,0.0714364918852813,0.0714364918852813
CDBN_084_USPT_7_3,83,1,81,0.321795310842552,0.0046138580979313,0.227893282051586,0.549688592894138,0.549688592894138
CDBN_085_USPT_9_18,84,1,82,-0.191220246027653,0.025693812680292,0.578196577370295,0.386976331342641,0.386976331342641
CDBN_086_USWA_11,85,1,83,-0.0520744093600511,0.0182542985131385,0.459499658058797,0.407425248698746,0.407425248698746
CDBN_087_USWA_70,86,1,84,-0.248140929186332,0.155784545600244,-0.624300084060144,-0.872441013246476,-0.872441013246476
CDBN_088_USWA_75,87,1,85,-0.241023899690604,0.158177014749849,-0.624349155157696,-0.865373054848299,-0.865373054848299
CDBN_089_Claret,88,1,86,-1.37490157779663,0.0103666315417783,0.313713055123707,-1.06118852267292,-1.06118852267292
CDBN_090_Redkloud,89,1,87,-0.452360078337916,0.134854947379315,-0.535862251849074,-0.98822233018699,-0.98822233018699
CDBN_091_1062_V98,90,1,88,0.140359834950671,0.192894324185731,-0.680856106622193,-0.540496271671522,-0.540496271671522
CDBN_092_1132_V96,91,1,89,-0.0373953936485448,0.0993944657629924,-0.611656744265648,-0.649052137914193,-0.649052137914193
CDBN_093_Isles,92,1,90,0.151067769661445,0.155161660330712,-0.76242933520181,-0.611361565540366,-0.611361565540366
CDBN_094_UCD_9830,93,1,91,-0.227806172400945,0.158424887082018,-0.602950513824402,-0.830756686225346,-0.830756686225346
CDBN_095_Othello,94,1,92,0.0831095734795182,0.0165998846462351,0.430449605010245,0.513559178489763,0.513559178489763
CDBN_096_Hungerford,95,1,93,0.336264862103527,0.0140025125558853,0.381247604588101,0.717512466691629,0.717512466691629
CDBN_097_Gryphon,96,1,94,0.694653235766375,0.0617251834805371,-0.525996178111187,0.168657057655188,0.168657057655188
CDBN_098_OAC_Thunder,97,1,95,0.0328732052374369,0.0356076070854623,-0.520897334758176,-0.48802412952074,-0.48802412952074
CDBN_099_4533,98,1,96,0.281055405803364,0.0416219428983396,0.744997223967128,1.02605262977049,1.02605262977049
CDBN_100_6123,99,2,3,0.353440842789618,-0.303029806578129,0.0862259234358197,0.439666766225438,0.439666766225438
CDBN_101_79146,100,2,4,0.0751600711834067,-0.221301115112941,0.826471426362062,0.901631497545468,0.901631497545468
CDBN_102_83B16,101,2,5,0.249218616049456,-0.266962145040257,-0.308525025818297,-0.0593064097688411,-0.0593064097688411
CDBN_103_CO_12601,102,2,6,0.175346831803219,-0.254549897185868,0.141195294098344,0.316542125901563,0.316542125901563
CDBN_104_D76125,103,2,7,0.129326482989515,-0.191051149079908,-0.296344897124211,-0.167018414134695,-0.167018414134695
CDBN_105_D77135B,104,1,97,0.287216331949169,0.00624948872551771,0.292898664173328,0.580114996122497,0.580114996122497
CDBN_106_D77196,105,1,98,-0.0514238777821901,0.017221041259332,-0.197499960202157,-0.248923837984347,-0.248923837984347
CDBN_107_D79054,106,2,8,0.0704112771784009,-0.271512803545228,-0.289391409299142,-0.218980132120741,-0.218980132120741
CDBN_108_GH760,107,1,99,-0.166120280251923,0.0138413202585732,0.410450182234324,0.244329901982402,0.244329901982402
CDBN_109_ISB_1,108,1,100,0.144969095399955,0.00814910564928282,-0.266618607858569,-0.121649512458615,-0.121649512458615
CDBN_110_ISB_459,109,1,101,0.343394398041495,0.013131681414978,0.423704534630261,0.767098932671756,0.767098932671756
CDBN_111_ISB_730,110,1,102,0.198737099238494,0.00299075832446347,-0.16217166422393,0.0365654350145643,0.0365654350145643
CDBN_112_MRK44,111,1,103,-0.823414089914557,0.153642389304185,-0.598825331386354,-1.42223942130091,-1.42223942130091
CDBN_113_N81017,112,1,104,0.155441585594021,0.0231811611326915,-0.373889123984843,-0.218447538390822,-0.218447538390822
CDBN_114_UI60,113,2,9,0.122129732197184,-0.44946166411331,0.447642704972285,0.569772437169469,0.569772437169469
CDBN_115_AC_Skipper,114,1,105,-0.403134599017108,0.0296715568316233,-0.390192389578342,-0.79332698859545,-0.79332698859545
CDBN_116_AC_Trident,115,1,106,-0.193057645789203,0.0371993610105844,-0.291869294620733,-0.484926940409937,-0.484926940409937
CDBN_117_Agate,116,1,107,0.0547869272274151,0.00823972576677214,0.328558789031074,0.383345716258489,0.383345716258489
CDBN_118_Amber,117,1,108,0.161978433291661,0.0167542367719319,0.460272302438362,0.622250735730023,0.622250735730023
CDBN_120_CO_33142,118,2,10,0.0969172312742106,-0.226021605553795,0.584544162936644,0.681461394210854,0.681461394210854
CDBN_121_Comet,119,1,109,0.0989220123685602,0.0413779870026165,-0.420607373199612,-0.321685360831052,-0.321685360831052
CDBN_122_Ebony,120,1,110,0.244065497528154,0.014809753253138,-0.332276149958964,-0.08821065243081,-0.08821065243081
CDBN_123_Fiero,121,1,111,-0.236844276219565,0.121523728979516,-0.626658689614015,-0.86350296583358,-0.86350296583358
CDBN_124_Fleetside,122,1,112,0.165783833112686,0.0138607524191289,-0.12302159440761,0.0427622387050757,0.0427622387050757
CDBN_125_H9659_21_1,123,1,113,0.607717928628638,0.136276234403966,-0.634182147325223,-0.0264642186965844,-0.0264642186965844
CDBN_126_H9659_23_1,124,1,114,0.539060350820707,0.124585640319295,-0.618600757664724,-0.0795404068440168,-0.0795404068440168
CDBN_127_H9659_37_2,125,1,115,0.554438233916803,0.195212961004854,-0.750268746145722,-0.19583051222892,-0.19583051222892
CDBN_128_L94C356,126,1,116,-0.334781721384505,0.0335903169760545,0.538085126580294,0.20330340519579,0.20330340519579
CDBN_129_L95F025,127,1,117,-0.437659973494563,0.0529487826625117,-0.239976911658778,-0.677636885153341,-0.677636885153341
CDBN_130_Monument,128,2,11,0.208825224694556,-0.246701457966454,-0.27593969754885,-0.067114472854294,-0.067114472854294
CDBN_131_Opal,129,1,118,0.447530676472652,0.00916965729070109,-0.315216090609357,0.132314585863295,0.132314585863295
CDBN_132_Pulsar,130,1,119,0.280161566696023,0.00339313326618508,-0.204861923697519,0.0752996429985036,0.0752996429985036
CDBN_133_RS101,131,1,120,-0.0646582093363437,0.0366000124158403,0.562405228440378,0.497747019104034,0.497747019104034
CDBN_134_Shetland,132,1,121,0.333491810916959,0.0112147799451123,-0.306019461981949,0.0274723489350104,0.0274723489350104
CDBN_135_Spinel,133,2,12,0.174468124720222,-0.399042568977837,0.568104851330162,0.742572976050384,0.742572976050384
CDBN_136_UI137,134,1,122,0.538165553975743,0.00331984389986287,-0.215110892607331,0.323054661368412,0.323054661368412
CDBN_137_UI36,135,1,123,-0.0713335531730586,0.0431346443034731,0.741021685437042,0.669688132263983,0.669688132263983
CDBN_138_USBK_CBB_5,136,1,124,-0.455637381269259,0.0308584257843302,-0.249740775281061,-0.705378156550321,-0.705378156550321
CDBN_139_USPK_7_4,137,1,125,-0.539142438188965,0.0225531161575941,0.566371609123344,0.0272291709343787,0.0272291709343787
CDBN_141_USPT_8_15,138,1,126,-0.283565565811103,0.0253459495191725,0.596691206598939,0.313125640787837,0.313125640787837
CDBN_142_USPT_8_6,139,1,127,-0.116692413946132,0.00310603635802589,0.180777594365296,0.0640851804191636,0.0640851804191636
CDBN_143_USPT_9_6,140,1,128,-0.0173363279525657,0.00114875226849156,0.126003037020833,0.108666709068267,0.108666709068267
CDBN_144_USWA_20,141,1,129,0.710818871107471,0.00469099601685249,0.245029084551704,0.955847955659175,0.955847955659175
CDBN_145_C_20,142,1,130,0.151145518837552,0.0140343190636117,-0.314207350289206,-0.163061831451653,-0.163061831451653
CDBN_146_Fleetwood,143,1,131,-0.00962786220968986,0.0159615020507967,0.0513079903420144,0.0416801281323246,0.0416801281323246
CDBN_147_USWA_50,144,1,132,0.680758617361943,0.0357291474236895,-0.273843316827145,0.406915300534798,0.406915300534798
CDBN_148_Valley,145,2,13,0.271565132977027,-0.191509830028691,0.685096097035526,0.956661230012553,0.956661230012553
CDBN_149_WYO166,146,2,14,0.219279139831467,-0.271395949862138,0.523136713902905,0.742415853734372,0.742415853734372
CDBN_150_WYO167,147,1,133,0.11242378780895,0.0463322762542687,0.747588252146866,0.860012039955816,0.860012039955816
CDBN_151_Zircon,148,1,134,0.31502601475025,0.00905965485478107,-0.0871947776106458,0.227831237139604,0.227831237139604
CDBN_152_Isabella,149,2,15,-0.0215481080611303,0.049752449937303,-0.745250958138264,-0.766799066199395,-0.766799066199395
CDBN_153_Sacramento,150,1,135,-0.482083552931267,0.136418950313854,-0.632691514712492,-1.11477506764376,-1.11477506764376
CDBN_154_AC_Elk,151,1,136,-0.472634528133707,0.162326621403946,-0.586823664625582,-1.05945819275929,-1.05945819275929
CDBN_155_Alpine,152,1,137,-0.466922386734678,0.0150493882401066,0.188451077496324,-0.278471309238354,-0.278471309238354
CDBN_156_K42,153,1,138,-0.277891480772948,0.163653378981839,-0.688131409929613,-0.966022890702561,-0.966022890702561
CDBN_157_Lisa,154,2,16,0.024785352210956,0.017773165418718,-0.69962318480043,-0.674837832589474,-0.674837832589474
CDBN_158_SilverCloud,155,1,139,-0.294992722640723,0.199407628741763,-0.684519233043783,-0.979511955684506,-0.979511955684506
CDBN_159_Beluga,156,1,140,-0.282042115214746,0.173047582239399,-0.713507007084002,-0.995549122298748,-0.995549122298748
CDBN_160_NY_105,157,1,141,-0.182208446074351,0.161145004318912,-0.670011427403661,-0.852219873478012,-0.852219873478012
CDBN_161_Rosie,158,1,142,0.0928311487083251,0.150970883030364,-0.643641702421995,-0.55081055371367,-0.55081055371367
CDBN_162_RoyalRed,159,1,143,-0.0842852323021636,0.198491892065304,-0.747403713495839,-0.831688945798003,-0.831688945798003
CDBN_163_Capri,160,1,144,0.201636268361399,0.15924951430398,-0.698194926113636,-0.496558657752237,-0.496558657752237
CDBN_164_Hooter,161,1,145,-0.230350889503034,0.103067276597849,-0.586915148503389,-0.817266038006423,-0.817266038006423
CDBN_165_Redhawk,162,1,146,-0.290131594906832,0.132829140945813,-0.64925779643154,-0.939389391338372,-0.939389391338372
CDBN_166_RedKanner,163,1,147,-0.0735895735158101,0.0806567184688739,-0.493424016916251,-0.567013590432061,-0.567013590432061
CDBN_167_UCD_0801,164,1,148,0.451506279318445,0.191200490654678,-0.766724027980404,-0.315217748661959,-0.315217748661959
CDBN_168_Blush,165,1,149,-0.159566638608178,0.186001970847847,-0.733524894073602,-0.89309153268178,-0.89309153268178
CDBN_169_Hyden,166,1,150,0.297751504889481,0.0227702888190448,-0.018926081475085,0.278825423414396,0.278825423414396
CDBN_170_Cardinal,167,1,151,0.243245187003106,0.147553663415205,-0.668326334501215,-0.425081147498109,-0.425081147498109
CDBN_171_CELRK,168,1,152,-0.263410473241859,0.195598862098015,-0.728177714261771,-0.99158818750363,-0.99158818750363
CDBN_172_Majesty,169,1,153,-0.253437650961096,0.105134961097852,-0.554040293536091,-0.807477944497187,-0.807477944497187
CDBN_173_ND060197,170,1,154,0.1951470801879,0.00785311733982582,0.337517718883733,0.532664799071634,0.532664799071634
CDBN_174_ND307,171,1,155,-0.420293366911685,0.0171166065360092,0.42884783263997,0.008554465728285,0.008554465728285
CDBN_175_OAC_Seaforth,172,1,156,0.015265348520678,0.0373789861051194,-0.286189077465294,-0.270923728944616,-0.270923728944616
CDBN_176_Sapphire,173,2,17,0.280563113943536,-0.255036341354805,0.50924149832099,0.789804612264526,0.789804612264526
CDBN_177_Topaz,174,1,157,-0.266956501369844,0.0524359114400048,0.847081686246573,0.580125184876729,0.580125184876729
CDBN_178_Seahawk,175,1,158,0.361743890573991,0.0349219090635411,-0.380089788402373,-0.0183458978283818,-0.0183458978283818
CDBN_179_Maverick,176,1,159,-0.205828469318237,0.021262930796199,0.555256095500628,0.349427626182391,0.349427626182391
CDBN_180_Mayflower,177,1,160,-0.0515979451380487,0.0505225294154161,-0.409748791431962,-0.461346736570011,-0.461346736570011
CDBN_181_CO_11113,178,1,161,-0.388911102314888,0.0264772521458656,-0.22588337474311,-0.614794477057998,-0.614794477057998
CDBN_182_CO_1760,179,1,162,0.0778178125254752,0.0398205656004297,0.736177083083173,0.813994895608648,0.813994895608648
CDBN_183_CO_27864,180,1,163,-0.183221088766416,0.0421135147592036,-0.37452511261255,-0.557746201378966,-0.557746201378966
CDBN_184_CO_33875,181,1,164,-0.11473684034824,0.00510396149052194,0.265265141720919,0.150528301372679,0.150528301372679
CDBN_185_CO_91212_4,182,1,165,-0.457597270544681,0.0105675986717899,0.347928194252368,-0.109669076292313,-0.109669076292313
CDBN_186_53026,183,1,166,0.654389318401292,0.00571189375017729,0.280763899610552,0.935153218011844,0.935153218011844
CDBN_187_55063,184,1,167,0.100159195670116,0.0185849365503582,0.46191909200055,0.562078287670666,0.562078287670666
CDBN_188_ISB_82_865,185,1,168,-0.623738321659708,0.156649374632013,-0.611818877410185,-1.23555719906989,-1.23555719906989
CDBN_189_OAC_Lyrik,186,1,169,-0.354816292421171,0.188987280179018,-0.713433795128473,-1.06825008754964,-1.06825008754964
CDBN_191_Garnet,187,2,18,0.0878378135666584,-0.258750855925699,0.508093238891927,0.595931052458586,0.595931052458586
CDBN_192_Rojo_Chiquito,188,1,170,-0.216068163090222,0.0359566908835114,-0.287706751224072,-0.503774914314294,-0.503774914314294
CDBN_193_Kodiak,189,1,171,-0.0149450208865009,0.0103486855114116,0.330853373717044,0.315908352830543,0.315908352830543
CDBN_194_Laker,190,1,172,0.152293503953531,0.0101531038873381,0.0115245986399085,0.16381810259344,0.16381810259344
CDBN_195_Lariat,191,1,173,-0.149482630452605,0.00778563311467988,0.336045318114968,0.186562687662363,0.186562687662363
CDBN_196_LeBaron,192,1,174,-0.238171012312129,0.010738834221202,0.374613399649346,0.136442387337218,0.136442387337218
CDBN_197_Lightning,193,1,175,-0.221998257972653,0.0487383273699357,-0.366249070660443,-0.588247328633095,-0.588247328633095
CDBN_198_Merlot,194,1,176,-0.864529610779927,0.0130102142143486,0.420161788227739,-0.444367822552188,-0.444367822552188
CDBN_199_Montrose,195,1,177,0.626616080203393,0.00579469738995267,0.288076653313567,0.91469273351696,0.91469273351696
CDBN_200_N05324,196,1,178,-0.184361309504454,0.0441342385894004,-0.382168854216394,-0.566530163720849,-0.566530163720849
CDBN_201_Newport,197,1,179,-0.273572558670139,0.0252868779391934,-0.329097168099456,-0.602669726769594,-0.602669726769594
CDBN_202_Nodak,198,2,19,0.185912331499387,-0.281455282839805,0.335992474686489,0.521904806185876,0.521904806185876
CDBN_203_OAC_Laser,199,1,180,-0.309091750754155,0.0547171304299537,-0.360493128140482,-0.669584878894637,-0.669584878894637
CDBN_204_OAC_Rex,200,1,181,0.158560374491992,0.0285290858774302,-0.349994942016988,-0.191434567524996,-0.191434567524996
CDBN_205_Pindak,201,2,20,0.213955368151625,-0.259471322662768,0.34207383853518,0.556029206686805,0.556029206686805
CDBN_206_Quincy,202,1,182,0.155045531526646,0.0174682369480578,0.443258991300308,0.598304522826955,0.598304522826955
CDBN_207_Raven,203,1,183,-0.211039485592196,0.0118039711522866,-0.285076387656947,-0.496115873249144,-0.496115873249144
CDBN_208_Roza,204,1,184,0.611789503934263,0.0108699294181404,0.397264760718825,1.00905426465309,1.00905426465309
CDBN_209_Sanilac,205,2,21,-0.0598174815355592,-0.122763455215633,-0.305714033345123,-0.365531514880683,-0.365531514880683
CDBN_210_Santa_Fe,206,1,185,-0.387990501906229,0.00315496650771089,0.210635011753821,-0.177355490152408,-0.177355490152408
CDBN_211_Sawtooth,207,1,186,-0.0288931120663592,0.0272012922492431,0.571145274256585,0.542252162190225,0.542252162190225
CDBN_212_Seabiskit,208,1,187,0.720617101765808,0.0382698219512681,-0.477548936289245,0.243068165476563,0.243068165476563
CDBN_213_Sedona,209,1,188,-0.557606167514873,0.0125996397366317,0.417045534795604,-0.14056063271927,-0.14056063271927
CDBN_214_Sequoia,210,1,189,-0.540917948465293,0.041473787518731,0.747433564588585,0.206515616123292,0.206515616123292
CDBN_215_Shania,211,1,190,-0.166176473701652,0.0550069661993805,-0.357438234578715,-0.523614708280366,-0.523614708280366
CDBN_216_Shoshone,212,1,191,0.312989385336633,0.00739360952333836,0.321223046131979,0.634212431468612,0.634212431468612
CDBN_217_Stampede,213,1,192,-0.955669556007457,0.0168790622578659,0.489677141054455,-0.465992414953002,-0.465992414953002
CDBN_218_UCD_9634,214,1,193,-0.436482240225335,0.0232526276067569,0.349325997067016,-0.0871562431583196,-0.0871562431583196
CDBN_219_UI111,215,1,194,0.274228042597441,0.0435607278946129,0.745984735044969,1.02021277764241,1.02021277764241
CDBN_220_UI126,216,1,195,0.16122007163116,0.0278311091449933,0.60490404204444,0.7661241136756,0.7661241136756
CDBN_221_UI196,217,1,196,0.263108791214669,0.0181065765739506,0.471669646895408,0.734778438110077,0.734778438110077
CDBN_222_UI425,218,2,22,0.128330414365299,-0.286685959985129,0.433444371743711,0.56177478610901,0.56177478610901
CDBN_223_USPT_ANT_1,219,1,197,0.139826831191144,0.00602172219201569,0.280255703766986,0.420082534958131,0.420082534958131
CDBN_224_USPT_CBB_1,220,1,198,-0.474702849769104,0.0225001210934475,0.550049180594975,0.0753463308258709,0.0753463308258709
CDBN_225_USRM_20,221,1,199,-0.0369930997623958,0.0206646301969406,0.469944487293662,0.432951387531266,0.432951387531266
CDBN_226_USWA_12,222,1,200,-0.138305775968757,0.0114684478188563,0.330554502702686,0.192248726733929,0.192248726733929
CDBN_227_Victor,223,1,201,0.290648482303114,0.0491512674174638,0.786508502825443,1.07715698512856,1.07715698512856
CDBN_228_Zorro,224,1,202,-0.429092711940414,0.0209812361924565,-0.329625169290086,-0.758717881230499,-0.758717881230499
CDBN_229_6R_42,225,1,203,0.106194871032072,0.0371671937037512,0.671033212272858,0.777228083304931,0.777228083304931
CDBN_230_Ivory,226,2,23,0.209806221512436,-0.261504102352877,0.516753229411643,0.726559450924079,0.726559450924079
CDBN_231_JM126,227,1,204,0.0856150654896789,0.00565899155571899,0.26850869627486,0.354123761764539,0.354123761764539
CDBN_232_OAC_Gryphon,228,1,205,0.844599680542923,0.0711944029088711,-0.508620543817451,0.335979136725472,0.335979136725472
CDBN_233_Star,229,2,24,0.252468434834417,-0.177753512044771,0.715131904229387,0.967600339063803,0.967600339063803
CDBN_234_UC_BTS_96114,230,1,206,-0.0674264230113824,0.0325142073561245,-0.216203257713811,-0.283629680725193,-0.283629680725193
CDBN_235_UCD_9623,231,1,207,-0.683791806347618,0.0131723372921566,0.292522310280467,-0.391269496067151,-0.391269496067151
CDBN_236_Rosetta,232,1,208,-1.10808905370749,0.0171521868896675,0.411825060767537,-0.696263992939952,-0.696263992939952
CDBN_237_Longs_Peak,233,1,209,-0.507724400899884,0.0100648253639502,-0.0314157295307717,-0.539140130430656,-0.539140130430656
CDBN_238_Midnight,234,1,210,-0.361613494624316,0.0385554267876579,-0.32762475289983,-0.689238247524145,-0.689238247524145
CDBN_239_Arthur,235,1,211,-0.688944015415522,0.0336016702978202,-0.390780495509232,-1.07972451092475,-1.07972451092475
CDBN_240_Norstar,236,1,212,0.11971337079087,0.0079393881991871,-0.213142506771065,-0.0934291359801948,-0.0934291359801948
CDBN_241_AC_Ole,237,1,213,-0.188246197611066,0.00878347958804856,0.34137555165368,0.153129354042614,0.153129354042614
CDBN_242_AC_Pintoba,238,1,214,0.163921395213522,0.00763736603026423,0.321578490770727,0.485499885984249,0.485499885984249
CDBN_243_Apache,239,1,215,-0.345125671518614,0.0211182303511614,0.554129087914121,0.209003416395506,0.209003416395506
CDBN_244_Bandit,240,1,216,-0.18787071602342,0.046224703429959,-0.375453107945503,-0.563323823968923,-0.563323823968923
CDBN_245_Bighorn,241,1,217,-0.293661362937504,0.0281962381680704,0.539964437556417,0.246303074618912,0.246303074618912
CDBN_246_Blackhawk,242,1,218,-0.330096219788974,0.0262771721553618,-0.345399152028842,-0.675495371817816,-0.675495371817816
CDBN_247_CDC_Crocus,243,1,219,0.638489418948587,0.0223141512951218,0.465268991231262,1.10375841017985,1.10375841017985
CDBN_248_CDC_Expression,244,1,220,-0.420375630872868,0.0111747307541819,-0.267170275502279,-0.687545906375147,-0.687545906375147
CDBN_249_CDC_Pinnacle,245,1,221,0.0859827835660009,0.0385948114314488,0.726751099936953,0.812733883502954,0.812733883502954
CDBN_250_CDC_Pintium,246,1,222,-1.0200818114511,0.0382478425763102,0.687868595613597,-0.332213215837499,-0.332213215837499
CDBN_251_CDC_Rosalee,247,1,223,-0.119447730568445,0.0157931097373728,0.33115300338536,0.211705272816914,0.211705272816914
CDBN_252_Condor,248,1,224,-0.100715492077771,0.0111408527842857,-0.294690975752682,-0.395406467830453,-0.395406467830453
CDBN_253_Coyne,249,1,225,-0.172985531067478,0.0139408605445995,0.309224414093714,0.136238883026236,0.136238883026236
CDBN_254_Croissant,250,1,226,-0.46197489433209,0.0287858732309107,0.581844597579513,0.119869703247422,0.119869703247422
CDBN_255_Eclipse,251,1,227,-0.290298287221708,0.0578768886649533,-0.387123379461268,-0.677421666682976,-0.677421666682976
CDBN_256_Emerson,252,2,25,0.397659384486958,-0.32296781723055,0.618012542727794,1.01567192721475,1.01567192721475
CDBN_257_Envoy,253,1,228,-0.240430334454796,0.00857302669798855,-0.258086014763753,-0.498516349218549,-0.498516349218549
CDBN_258_Fiesta,254,2,26,0.0103965361396784,-0.122261705640017,0.739636109990796,0.750032646130475,0.750032646130475
CDBN_259_Frontier,255,1,229,-0.323185915421263,0.025298323738277,0.606511767468048,0.283325852046785,0.283325852046785
CDBN_260_Gala,256,2,27,0.1259099712563,-0.230165319295399,0.559636734068376,0.685546705324676,0.685546705324676
CDBN_261_GN9_1,257,1,230,0.187908055195781,0.00974386416602807,0.374149423140464,0.562057478336245,0.562057478336245
CDBN_262_GN9_4,258,1,231,-0.566617456408484,0.00946340210138955,0.269273428194594,-0.29734402821389,-0.29734402821389
CDBN_263_Grand_Mesa,259,1,232,-0.0395423068629839,0.0430259301388164,0.734043233283704,0.69450092642072,0.69450092642072
CDBN_264_Harold,260,1,233,0.0904230104763425,0.0471753038048275,0.77407221003077,0.864495220507113,0.864495220507113
CDBN_265_Hatton,261,1,234,-0.21137940293757,0.0243983092961189,0.565733631739479,0.35435422880191,0.35435422880191
CDBN_266_Holberg,262,2,28,0.210119036498725,-0.167769283326519,0.595775049608619,0.805894086107345,0.805894086107345
CDBN_267_Huron,263,1,235,-0.108779250087715,0.0303337166600664,-0.295097732312208,-0.403876982399923,-0.403876982399923
CDBN_268_ICB_10,264,1,236,-0.644247190482208,0.031933927989477,-0.130870438246909,-0.775117628729117,-0.775117628729117
CDBN_269_IP08_2,265,1,237,-0.0503721503283642,0.0450762217863225,0.762960177014512,0.712588026686147,0.712588026686147
CDBN_270_Jackpot,266,1,238,-0.0891571130475693,0.0452502596922194,0.782012263418339,0.692855150370769,0.692855150370769
CDBN_271_Jaguar,267,1,239,-0.769026897108226,0.0407711184877695,-0.38761127491205,-1.15663817202028,-1.15663817202028
CDBN_272_Kimberly,268,1,240,-0.0370271065947053,0.0392762782688898,0.731568413775677,0.694541307180971,0.694541307180971
CDBN_273_Vista,269,1,241,0.0041296243347072,0.0483880678386715,-0.33996713350936,-0.335837509174653,-0.335837509174653
CDBN_274_Viva,270,1,242,0.282632337269462,0.044730219629236,0.734992790594144,1.01762512786361,1.01762512786361
CDBN_275_Burke,271,1,243,0.156417296864513,0.010219003611918,0.383445959159643,0.539863256024157,0.539863256024157
CDBN_276_JM24,272,1,244,-0.105259769113419,0.0154609471422496,0.400139582680477,0.294879813567058,0.294879813567058
CDBN_277_AC_Mast,273,1,245,0.403184001067686,0.0438594649037079,-0.514369795567299,-0.111185794499612,-0.111185794499612
CDBN_278_Chinook2000,274,1,246,-0.145211048123755,0.181801300152212,-0.642912770094829,-0.788123818218584,-0.788123818218584
CDBN_279_Cran09,275,1,247,0.34088571374276,0.141123542561301,-0.654468447771304,-0.313582734028544,-0.313582734028544
CDBN_280_K407,276,1,248,0.0897036137998526,0.16981584962516,-0.705498755154755,-0.615795141354902,-0.615795141354902
CDBN_281_K59,277,1,249,0.301955618336015,0.167167541550951,-0.631916556115538,-0.329960937779524,-0.329960937779524
CDBN_282_Kamiakin,278,1,250,-0.0147731814856228,0.166402476208097,-0.697689168576744,-0.712462350062366,-0.712462350062366
CDBN_283_Kardinal,279,2,29,-0.0733676765601469,0.0273995000816176,-0.702598475187781,-0.775966151747928,-0.775966151747928
CDBN_284_Lassen,280,1,251,-0.438469285041989,0.150712485622326,-0.650077649739026,-1.08854693478101,-1.08854693478101
CDBN_285_Montcalm,281,1,252,0.117035533141744,0.137228630414092,-0.66025458556229,-0.543219052420546,-0.543219052420546
CDBN_286_CDRK82,282,1,253,-0.309968375823021,0.164289853123427,-0.696829471024062,-1.00679784684708,-1.00679784684708
CDBN_287_Centralia,283,1,254,0.374145932131266,0.0488414656307958,-0.476863335233538,-0.102717403102272,-0.102717403102272
CDBN_288_Cygnus,284,1,255,-0.606041996492796,0.0212304363464079,0.497271676946474,-0.108770319546322,-0.108770319546322
CDBN_289_Harowood,285,1,256,0.32604444690641,0.0332501100751641,-0.403546389447336,-0.077501942540926,-0.077501942540926
CDBN_290_UI259,286,1,257,0.223163680674657,0.0338285635372975,0.618956883043692,0.842120563718349,0.842120563718349
CDBN_291_UI722,287,1,258,-0.0412125318855515,0.127244458509377,-0.581744791005392,-0.622957322890944,-0.622957322890944
CDBN_292_White_Kidney,288,1,259,0.497903388595981,0.196614079396817,-0.774383267522806,-0.276479878926825,-0.276479878926825
CDBN_293_AC_Compass,289,1,260,-0.452736345244143,0.0232736029914842,-0.26799553295962,-0.720731878203763,-0.720731878203763
CDBN_294_Arapaho,290,1,261,-0.207706872830863,0.0184344793874139,0.51266309733336,0.304956224502497,0.304956224502497
CDBN_295_Avalanche,291,1,262,-0.162044019640264,0.0190937832889453,-0.21146108752747,-0.373505107167734,-0.373505107167734
CDBN_296_Aztec,292,1,263,-0.296873576256405,0.00644448581884541,0.276713107049106,-0.0201604692072987,-0.0201604692072987
CDBN_297_Beryl,293,1,264,0.0315477963351791,0.0251152071579314,0.478389286225691,0.50993708256087,0.50993708256087
CDBN_298_BillZ,294,1,265,0.177830246364528,0.0417523468177465,0.777956764853745,0.955787011218273,0.955787011218273
CDBN_299_Buster,295,1,266,-0.0524818264325949,0.0140270104329273,0.441282934565458,0.388801108132863,0.388801108132863
CDBN_300_Chase,296,1,267,0.871218695429326,0.00364571679583248,0.223246794756276,1.0944654901856,1.0944654901856
CDBN_301_Crestwood,297,1,268,0.597520762697121,0.026244459454747,-0.368630797742374,0.228889964954747,0.228889964954747
CDBN_302_Desert_Rose,298,1,269,-0.0446505009070878,0.00525186559875828,0.185516039308227,0.140865538401139,0.140865538401139
CDBN_303_Mackinac,299,1,270,-0.402360377644943,0.0304308524472461,-0.396692469358603,-0.799052847003546,-0.799052847003546
CDBN_304_Matterhorn,300,1,271,-0.762358180796887,0.00593096272842778,0.273790110573621,-0.488568070223265,-0.488568070223265
CDBN_305_Max,301,1,272,0.234083577044853,0.0318641907753788,0.668018845895241,0.902102422940095,0.902102422940095
CDBN_306_Olathe,302,1,273,0.378714098557932,0.00941335954448679,0.368705189088893,0.747419287646825,0.747419287646825
CDBN_307_Shiny_Crow,303,1,274,0.890995608251734,0.000245539797351925,-0.0437425175038561,0.847253090747878,0.847253090747878
CDBN_308_Sierra,304,1,275,-0.297229154092019,0.00429201815251641,0.243423875314658,-0.0538052787773602,-0.0538052787773602
CDBN_309_Starlight,305,1,276,0.276151147658542,0.00877570653039586,0.194995458289183,0.471146605947725,0.471146605947725
CDBN_310_T_39,306,1,277,0.736344564867685,0.0427301991726711,-0.313231252775292,0.423113312092393,0.423113312092393
CDBN_311_UI114,307,1,278,0.53251535517192,0.0216451795402514,0.546445647990322,1.07896100316224,1.07896100316224
CDBN_312_UI239,308,1,279,0.0530525901498152,0.026016051657466,0.582907424319864,0.635960014469679,0.635960014469679
CDBN_313_UI537,309,1,280,0.107049244791845,0.0385748245559327,0.712336402734306,0.81938564752615,0.81938564752615
CDBN_314_UI59,310,1,281,0.769170151025683,0.0206366165269643,0.506900159379257,1.27607031040494,1.27607031040494
CDBN_315_UI906,311,1,282,-0.388022772041873,0.0264264596749206,-0.287783378334405,-0.675806150376277,-0.675806150376277
CDBN_316_UI911,312,1,283,-0.0220444833024893,0.0107504622084331,-0.128652483060444,-0.150696966362933,-0.150696966362933
CDBN_317_US1140,313,1,284,0.914052325244006,0.030412487716336,0.638001920941074,1.55205424618508,1.55205424618508
CDBN_318_Weihing,314,1,285,-0.292683809682908,0.00398240582336628,0.184158920614497,-0.108524889068411,-0.108524889068411
CDBN_319_Yolano,315,1,286,0.291522907116596,0.0172011335861335,0.492062446214533,0.783585353331129,0.783585353331129
CDBN_320_115M,316,1,287,-0.164685171955781,0.0240355144009854,-0.315251364254473,-0.479936536210254,-0.479936536210254
CDBN_321_Black_Jack,317,1,288,0.273248346172355,0.0303385702268949,-0.289817263006804,-0.0165689168344489,-0.0165689168344489
CDBN_322_Harblack,318,1,289,0.309384198618206,0.0328336239012523,-0.411465654082767,-0.102081455464561,-0.102081455464561
CDBN_323_Harris,319,1,290,0.310902272405108,0.0287579517864447,0.602221190970111,0.913123463375218,0.913123463375218
CDBN_324_NW63,320,1,291,0.24419785778941,0.0297324736890042,0.609513454444569,0.853711312233978,0.853711312233978
CDBN_326_USPT_10_12_1,321,2,30,-0.428113945591816,-0.455699997783498,0.457237970953916,0.0291240253620997,0.0291240253620997
CDBN_327_Black_Foot,322,2,31,-0.145675719821314,-0.482015300720036,0.486660183388493,0.340984463567179,0.340984463567179
CDBN_328_Nez_Perce,323,2,32,-0.182076542360134,-0.526015184919531,0.341994116584053,0.159917574223919,0.159917574223919
CDBN_329_Twin_Falls,324,2,33,-0.459209319056008,-0.528271380164297,0.389670914825289,-0.0695384042307184,-0.0695384042307184
CDBN_330_DR_Wood,325,2,34,-0.20658532560366,-0.456532760722237,0.374609990385645,0.168024664781986,0.168024664781986
CDBN_331_Staybright,326,2,35,-0.408287676529073,-0.418279103950107,0.520517899250004,0.11223022272093,0.11223022272093
CDBN_332_Sundance,327,2,36,-0.355607670547808,-0.44484553636374,0.471366278881696,0.115758608333888,0.115758608333888
CDBN_333_Palomino,328,2,37,-0.106942424555268,-0.256318210503328,0.496510984479036,0.389568559923768,0.389568559923768
CDBN_334_NE2_16_33,329,2,38,-0.0350844531095273,-0.483999271448875,0.233156400937031,0.198071947827504,0.198071947827504
CDBN_335_SR10_2_1,330,2,39,-0.217534126710353,-0.482545200936362,0.325436856870716,0.107902730160363,0.107902730160363
CDBN_336_ACUG_13_SR1,331,2,40,-0.0751154901475406,-0.389585139670747,-0.230190608792202,-0.305306098939742,-0.305306098939742
CDBN_337_ACUG_15_B4,332,2,41,0.100360613610838,-0.374666692029176,-0.32916157130923,-0.228800957698393,-0.228800957698393
CDBN_338_ACUG_14_1,333,2,42,0.0952697471153597,-0.396430878499377,-0.368124958524625,-0.272855211409266,-0.272855211409266
CDBN_339_Dynasty,334,1,292,0.271494990904702,0.130863983816343,-0.659570262819548,-0.388075271914846,-0.388075271914846
CDBN_340_DRK_1,335,2,43,-0.113948236731426,-0.236224228478322,-0.456294714818782,-0.570242951550208,-0.570242951550208
CDBN_341_Cornell_612,336,2,44,-0.0866819281513457,-0.236039514050666,-0.463302840624427,-0.549984768775773,-0.549984768775773
CDBN_342_USPT_9_5_6,337,2,45,-0.426850083203015,-0.400016363806259,0.450861865558603,0.0240117823555886,0.0240117823555886
CDBN_343_USPT_11_13,338,2,46,-0.222125775092069,-0.468064355777019,0.416397715848373,0.194271940756304,0.194271940756304
CDBN_344_La_Paz,339,2,47,-0.142939876331949,-0.457812796080017,0.284130141166113,0.141190264834164,0.141190264834164
CDBN_345_COSD_35,340,1,293,0.167734001130481,0.00350683890177909,-0.0768792755945684,0.0908547255359121,0.0908547255359121
CDBN_346_NE12_15_161,341,2,48,-0.342999495559601,-0.422589193240688,0.652719338063975,0.309719842504374,0.309719842504374
CDBN_347_XRAV_40_4,342,2,49,-0.4195448709611,-0.219889953164651,-0.226569591731884,-0.646114462692984,-0.646114462692984
CDBN_348_BK_11_8,343,2,50,-0.162860468911999,-0.231658600462876,-0.308396903673713,-0.471257372585712,-0.471257372585712
CDBN_349_Zenith,344,1,294,-0.203332886588077,0.0495993309424814,-0.375540445438361,-0.578873332026439,-0.578873332026439
CDBN_350_Lighthouse,345,2,51,0.247604427824202,-0.376674501342814,-0.379092068206137,-0.131487640381935,-0.131487640381935
CDBN_351_Alpena,346,1,295,-0.469514605278442,0.0450349712722814,-0.34178059903497,-0.811295204313412,-0.811295204313412
CDBN_352_Samurai,347,2,52,-0.229918655408294,-0.250812055204687,-0.167826754926126,-0.39774541033442,-0.39774541033442
CDBN_353_USPT_7_8,348,1,296,-0.158534003094204,0.0302646920514334,0.554128528897806,0.395594525803601,0.395594525803601
